市,業者名,種別(許可業者一覧/遺品整理Web),所在地,電話,公式URL,遺品整理士記載,一般廃棄物許可記載,出典URL,備考
長岡市,（有）あけぼの清掃社,許可業者一覧,長岡市三島地域 瓜生55番地3,0258-42-2560,,,あり(長岡市ごみ収集運搬業許可・2025/4/1更新),https://www.city.nagaoka.niigata.jp/kurashi/cate08/gomi-gyousya.html,市内全地域(川口除く)。電話は市表記の局番なしに長岡市局番0258を補記（寺泊のみ市表記が0256）
長岡市,（株）梅沢商店,許可業者一覧,長岡市長岡地域 稲保4丁目741番地13,0258-25-2276,,,あり(長岡市ごみ収集運搬業許可・2025/4/1更新),https://www.city.nagaoka.niigata.jp/kurashi/cate08/gomi-gyousya.html,市内全地域(川口除く)。電話は市表記の局番なしに長岡市局番0258を補記（寺泊のみ市表記が0256）
長岡市,（株）加藤産業,許可業者一覧,長岡市長岡地域 下柳3丁目5番22号,0258-27-6770,,,あり(長岡市ごみ収集運搬業許可・2025/4/1更新),https://www.city.nagaoka.niigata.jp/kurashi/cate08/gomi-gyousya.html,市内全地域(川口除く)。電話は市表記の局番なしに長岡市局番0258を補記（寺泊のみ市表記が0256）
長岡市,クリーンシステム（株）,許可業者一覧,長岡市越路地域 来迎寺甲2342番地5,0258-92-2517,,,あり(長岡市ごみ収集運搬業許可・2025/4/1更新),https://www.city.nagaoka.niigata.jp/kurashi/cate08/gomi-gyousya.html,市内全地域(川口除く)。電話は市表記の局番なしに長岡市局番0258を補記（寺泊のみ市表記が0256）
長岡市,（有）高橋清掃産業,許可業者一覧,長岡市和島地域 和島中沢甲106番地,0258-74-2433,,,あり(長岡市ごみ収集運搬業許可・2025/4/1更新),https://www.city.nagaoka.niigata.jp/kurashi/cate08/gomi-gyousya.html,市内全地域(川口除く)。電話は市表記の局番なしに長岡市局番0258を補記（寺泊のみ市表記が0256）
長岡市,（有）中越清掃社,許可業者一覧,長岡市川口地域 川口牛ケ島546番地1,0258-81-5670,,,あり(長岡市ごみ収集運搬業許可・2025/4/1更新),https://www.city.nagaoka.niigata.jp/kurashi/cate08/gomi-gyousya.html,川口地域限定。電話は市表記の局番なしに長岡市局番0258を補記（寺泊のみ市表記が0256）
長岡市,（有）寺泊トータルサービス,許可業者一覧,長岡市寺泊地域 寺泊木島651番地1,0256-97-3993,,,あり(長岡市ごみ収集運搬業許可・2025/4/1更新),https://www.city.nagaoka.niigata.jp/kurashi/cate08/gomi-gyousya.html,市内全地域(川口除く)。電話は市表記の局番なしに長岡市局番0258を補記（寺泊のみ市表記が0256）
長岡市,（株）栃尾清掃社,許可業者一覧,長岡市栃尾地域 北荷頃2883番地5,0258-53-5013,,,あり(長岡市ごみ収集運搬業許可・2025/4/1更新),https://www.city.nagaoka.niigata.jp/kurashi/cate08/gomi-gyousya.html,市内全地域(川口除く)。電話は市表記の局番なしに長岡市局番0258を補記（寺泊のみ市表記が0256）
長岡市,（有）栃尾第一清掃社,許可業者一覧,長岡市栃尾地域 谷内1丁目4番7号,0258-53-5024,,,あり(長岡市ごみ収集運搬業許可・2025/4/1更新),https://www.city.nagaoka.niigata.jp/kurashi/cate08/gomi-gyousya.html,市内全地域(川口除く)。電話は市表記の局番なしに長岡市局番0258を補記（寺泊のみ市表記が0256）
長岡市,（株）花園サービス,許可業者一覧,長岡市長岡地域 福道町354番地3,0258-29-1122,,,あり(長岡市ごみ収集運搬業許可・2025/4/1更新),https://www.city.nagaoka.niigata.jp/kurashi/cate08/gomi-gyousya.html,市内全地域(川口除く)。電話は市表記の局番なしに長岡市局番0258を補記（寺泊のみ市表記が0256）
長岡市,（株）丸共,許可業者一覧,長岡市長岡地域 高見町3039番地5,0258-24-0700,,,あり(長岡市ごみ収集運搬業許可・2025/4/1更新),https://www.city.nagaoka.niigata.jp/kurashi/cate08/gomi-gyousya.html,市内全地域(川口除く)。電話は市表記の局番なしに長岡市局番0258を補記（寺泊のみ市表記が0256）
長岡市,（有）丸發産業,許可業者一覧,長岡市与板地域 与板町与板乙5290番地,0258-72-2123,,,あり(長岡市ごみ収集運搬業許可・2025/4/1更新),https://www.city.nagaoka.niigata.jp/kurashi/cate08/gomi-gyousya.html,市内全地域(川口除く)。電話は市表記の局番なしに長岡市局番0258を補記（寺泊のみ市表記が0256）
長岡市,（株）みつわ,許可業者一覧,長岡市長岡地域 中沢町1276番地1,0258-35-7362,,,あり(長岡市ごみ収集運搬業許可・2025/4/1更新),https://www.city.nagaoka.niigata.jp/kurashi/cate08/gomi-gyousya.html,市内全地域(川口除く)。電話は市表記の局番なしに長岡市局番0258を補記（寺泊のみ市表記が0256）
長岡市,（有）山清コーポレーション,許可業者一覧,長岡市山古志地域 山古志虫亀3373番地1,0258-59-2304,,,あり(長岡市ごみ収集運搬業許可・2025/4/1更新),https://www.city.nagaoka.niigata.jp/kurashi/cate08/gomi-gyousya.html,市内全地域(川口除く)。電話は市表記の局番なしに長岡市局番0258を補記（寺泊のみ市表記が0256）
見附市,株式会社高橋産業,許可業者一覧,見附市上新田町5-19,0258-66-2986,,,あり(見附市許可業者一覧・2023/8/16更新),https://www.city.mitsuke.niigata.jp/soshiki/20/1993.html,収集対象の品目区分はページに記載なし
見附市,株式会社小林先二商店,許可業者一覧,見附市今町5丁目3-5,0258-66-2388,,,あり(見附市許可業者一覧・2023/8/16更新),https://www.city.mitsuke.niigata.jp/soshiki/20/1993.html,収集対象の品目区分はページに記載なし
見附市,株式会社越佐,許可業者一覧,見附市新町1丁目12-3,0258-62-2326,,,あり(見附市許可業者一覧・2023/8/16更新),https://www.city.mitsuke.niigata.jp/soshiki/20/1993.html,収集対象の品目区分はページに記載なし
見附市,有限会社寺尾産業,許可業者一覧,見附市今町3丁目3-10,0258-61-2348,,,あり(見附市許可業者一覧・2023/8/16更新),https://www.city.mitsuke.niigata.jp/soshiki/20/1993.html,収集対象の品目区分はページに記載なし
小千谷市,有限会社小千谷清掃社,許可業者一覧,小千谷市栄町2番13号,0258-82-6181,,,あり(小千谷市許可業者一覧・2025/4/1更新),https://www.city.ojiya.niigata.jp/soshiki/kankyo/jigyosho-gomi.html,
小千谷市,有限会社保科産業,許可業者一覧,小千谷市大字小粟田2727番地144,0258-82-6721,,,あり(小千谷市許可業者一覧・2025/4/1更新),https://www.city.ojiya.niigata.jp/soshiki/kankyo/jigyosho-gomi.html,
小千谷市,有限会社中越清掃社,許可業者一覧,小千谷市大字ひ生甲2001番地3,0258-82-2955,,,あり(小千谷市許可業者一覧・2025/4/1更新),https://www.city.ojiya.niigata.jp/soshiki/kankyo/jigyosho-gomi.html,長岡市の同名許可業者(川口地域限定)と同名
小千谷市,株式会社吉田鋼業,許可業者一覧,小千谷市上ノ山4丁目10番13号,0258-82-9142,,,あり(小千谷市許可業者一覧・2025/4/1更新),https://www.city.ojiya.niigata.jp/soshiki/kankyo/jigyosho-gomi.html,許可は「テレビ・冷蔵庫・洗濯機・エアコン・衣類乾燥機に限る」＝家電のみ
小千谷市,有限会社糸井環境保全サービス,許可業者一覧,小千谷市横渡,0258-82-2492,,,あり(小千谷市「市で処理できないごみ」ページの許可業者として掲載),https://www.city.ojiya.niigata.jp/soshiki/kankyo/shoridekinai-gomi.html,事業所のごみページの一覧には未掲載・別ページ記載。番地は公開ページ上で確認できず
柏崎市,株式会社美環,許可業者一覧,柏崎市南下943-1（〒945-1112）,0257-29-2314,,,あり(柏崎市一般廃棄物収集運搬業許可・令和8年7月21日版),https://www.city.kashiwazaki.lg.jp/material/files/group/16/20260721_syusyuunpankyoka.pdf,収集品目: 事業系一般廃棄物全般、個別契約による家庭系、家電4品目、刈羽村
柏崎市,有限会社柏クリーン,許可業者一覧,柏崎市藤井6683（〒945-0114）,0257-24-7409,,,あり(同上),https://www.city.kashiwazaki.lg.jp/material/files/group/16/20260721_syusyuunpankyoka.pdf,収集品目: 事業系全般、個別契約による家庭系
柏崎市,株式会社宮田才吉商店,許可業者一覧,柏崎市藤井1509（〒945-0114）,0257-23-5091,,,あり(同上),https://www.city.kashiwazaki.lg.jp/material/files/group/16/20260721_syusyuunpankyoka.pdf,収集品目: 事業系全般、有価物回収時に付随して依頼された家庭系
柏崎市,新潟スーパー産業株式会社,許可業者一覧,柏崎市茨目1880-1（〒945-1341）,0257-24-3399,http://www.supersangyo.co.jp/,,あり(同上),https://www.city.kashiwazaki.lg.jp/material/files/group/16/20260721_syusyuunpankyoka.pdf,収集品目: 事業系全般、個別契約による家庭系、家電4品目、刈羽村。同PDFの他の許可業者は事業系・東電構内・木くず等の限定許可で家庭系の記載がないため除外
三条市,㈲岡本運送,許可業者一覧,三条市金子新田乙497-18,0256-32-7340,,,あり(三条市許可名簿),https://www.city.sanjo.niigata.jp/material/files/group/14/kyokagyousyaR80401.pdf,三条市許可名簿(令和8年4月1日現在)・家庭系/事業系の区分記載なし(名簿冒頭に「木くず限定」の注記あり、対象業者は名簿から特定不能)。住所は市名省略表記を補完
三条市,クリーン三条㈲,許可業者一覧,三条市直江町4-20-60,0256-35-5692,,,あり(三条市許可名簿),https://www.city.sanjo.niigata.jp/material/files/group/14/kyokagyousyaR80401.pdf,三条市許可名簿(令和8年4月1日現在)・家庭系/事業系の区分記載なし(名簿冒頭に「木くず限定」の注記あり、対象業者は名簿から特定不能)。住所は市名省略表記を補完。市の粗大ごみ戸別収集申込先業者として掲載(https://www.city.sanjo.niigata.jp/soshiki/shimimbu/kankyoka/gomigenryo/gomi/2359.html)
三条市,㈲サトー環境,許可業者一覧,三条市東鱈田1597,0256-34-5168,,,あり(三条市許可名簿),https://www.city.sanjo.niigata.jp/material/files/group/14/kyokagyousyaR80401.pdf,三条市許可名簿(令和8年4月1日現在)・家庭系/事業系の区分記載なし(名簿冒頭に「木くず限定」の注記あり、対象業者は名簿から特定不能)。住所は市名省略表記を補完
三条市,ケーピー運送㈱,許可業者一覧,三条市帯織丁号8911-3,0256-45-5616,,,あり(三条市許可名簿),https://www.city.sanjo.niigata.jp/material/files/group/14/kyokagyousyaR80401.pdf,三条市許可名簿(令和8年4月1日現在)・家庭系/事業系の区分記載なし(名簿冒頭に「木くず限定」の注記あり、対象業者は名簿から特定不能)。住所は市名省略表記を補完
三条市,㈱サカイ,許可業者一覧,三条市高屋敷31,0256-46-4808,,,あり(三条市許可名簿),https://www.city.sanjo.niigata.jp/material/files/group/14/kyokagyousyaR80401.pdf,三条市許可名簿(令和8年4月1日現在)・家庭系/事業系の区分記載なし(名簿冒頭に「木くず限定」の注記あり、対象業者は名簿から特定不能)。住所は市名省略表記を補完
三条市,㈱サニーテック,許可業者一覧,三条市蝶名林153-1,0256-46-5240,,,あり(三条市許可名簿),https://www.city.sanjo.niigata.jp/material/files/group/14/kyokagyousyaR80401.pdf,三条市許可名簿(令和8年4月1日現在)・家庭系/事業系の区分記載なし(名簿冒頭に「木くず限定」の注記あり、対象業者は名簿から特定不能)。住所は市名省略表記を補完
三条市,三条運輸㈱,許可業者一覧,三条市興野2-16-31,0256-35-2611・0256-35-8000,,,あり(三条市許可名簿),https://www.city.sanjo.niigata.jp/material/files/group/14/kyokagyousyaR80401.pdf,三条市許可名簿(令和8年4月1日現在)・家庭系/事業系の区分記載なし(名簿冒頭に「木くず限定」の注記あり、対象業者は名簿から特定不能)。住所は市名省略表記を補完。市の粗大ごみ戸別収集申込先業者として掲載(https://www.city.sanjo.niigata.jp/soshiki/shimimbu/kankyoka/gomigenryo/gomi/2359.html)
三条市,㈱三条衛生社,許可業者一覧,三条市貝喰新田3055-1,0256-45-0388,,,あり(三条市許可名簿),https://www.city.sanjo.niigata.jp/material/files/group/14/kyokagyousyaR80401.pdf,三条市許可名簿(令和8年4月1日現在)・家庭系/事業系の区分記載なし(名簿冒頭に「木くず限定」の注記あり、対象業者は名簿から特定不能)。住所は市名省略表記を補完。市の粗大ごみ戸別収集申込先業者として掲載(https://www.city.sanjo.niigata.jp/soshiki/shimimbu/kankyoka/gomigenryo/gomi/2359.html)
三条市,㈱イヴェスタ,許可業者一覧,三条市南四日町3-7-48,0256-35-4460,,,あり(三条市許可名簿),https://www.city.sanjo.niigata.jp/material/files/group/14/kyokagyousyaR80401.pdf,三条市許可名簿(令和8年4月1日現在)・家庭系/事業系の区分記載なし(名簿冒頭に「木くず限定」の注記あり、対象業者は名簿から特定不能)。住所は市名省略表記を補完
三条市,㈱三南環境サービス,許可業者一覧,三条市直江町4-12-33,0256-35-3535,,,あり(三条市許可名簿),https://www.city.sanjo.niigata.jp/material/files/group/14/kyokagyousyaR80401.pdf,三条市許可名簿(令和8年4月1日現在)・家庭系/事業系の区分記載なし(名簿冒頭に「木くず限定」の注記あり、対象業者は名簿から特定不能)。住所は市名省略表記を補完。市の粗大ごみ戸別収集申込先業者として掲載(https://www.city.sanjo.niigata.jp/soshiki/shimimbu/kankyoka/gomigenryo/gomi/2359.html)
三条市,三陸運送㈱,許可業者一覧,三条市新堀1025,0256-45-7210,,,あり(三条市許可名簿),https://www.city.sanjo.niigata.jp/material/files/group/14/kyokagyousyaR80401.pdf,三条市許可名簿(令和8年4月1日現在)・家庭系/事業系の区分記載なし(名簿冒頭に「木くず限定」の注記あり、対象業者は名簿から特定不能)。住所は市名省略表記を補完。市の粗大ごみ戸別収集申込先業者として掲載(https://www.city.sanjo.niigata.jp/soshiki/shimimbu/kankyoka/gomigenryo/gomi/2359.html)
三条市,清和産業㈱,許可業者一覧,柏崎市西山町別山4988,0257-47-2710,,,あり(三条市許可名簿),https://www.city.sanjo.niigata.jp/material/files/group/14/kyokagyousyaR80401.pdf,三条市許可名簿(令和8年4月1日現在)・家庭系/事業系の区分記載なし(名簿冒頭に「木くず限定」の注記あり、対象業者は名簿から特定不能)。住所は市名省略表記を補完
三条市,㈲下田環境衛生社,許可業者一覧,三条市飯田1183-1,0256-46-4490・090-5313-2531,,,あり(三条市許可名簿),https://www.city.sanjo.niigata.jp/material/files/group/14/kyokagyousyaR80401.pdf,三条市許可名簿(令和8年4月1日現在)・家庭系/事業系の区分記載なし(名簿冒頭に「木くず限定」の注記あり、対象業者は名簿から特定不能)。住所は市名省略表記を補完。市の粗大ごみ戸別収集申込先業者として掲載(https://www.city.sanjo.niigata.jp/soshiki/shimimbu/kankyoka/gomigenryo/gomi/2359.html)
三条市,太誠産業㈱,許可業者一覧,三条市中野原444-1,0256-46-2282,,,あり(三条市許可名簿),https://www.city.sanjo.niigata.jp/material/files/group/14/kyokagyousyaR80401.pdf,三条市許可名簿(令和8年4月1日現在)・家庭系/事業系の区分記載なし(名簿冒頭に「木くず限定」の注記あり、対象業者は名簿から特定不能)。住所は市名省略表記を補完
三条市,ツバメロジス㈱,許可業者一覧,燕市大関353,0256-63-4663,,,あり(三条市許可名簿),https://www.city.sanjo.niigata.jp/material/files/group/14/kyokagyousyaR80401.pdf,三条市許可名簿(令和8年4月1日現在)・家庭系/事業系の区分記載なし(名簿冒頭に「木くず限定」の注記あり、対象業者は名簿から特定不能)。住所は市名省略表記を補完
三条市,テクノ田村,許可業者一覧,三条市鹿峠700-1,0256-46-2617,,,あり(三条市許可名簿),https://www.city.sanjo.niigata.jp/material/files/group/14/kyokagyousyaR80401.pdf,三条市許可名簿(令和8年4月1日現在)・家庭系/事業系の区分記載なし(名簿冒頭に「木くず限定」の注記あり、対象業者は名簿から特定不能)。住所は市名省略表記を補完
三条市,永井総業,許可業者一覧,三条市桜木町6-1,0256-34-8273,,,あり(三条市許可名簿),https://www.city.sanjo.niigata.jp/material/files/group/14/kyokagyousyaR80401.pdf,三条市許可名簿(令和8年4月1日現在)・家庭系/事業系の区分記載なし(名簿冒頭に「木くず限定」の注記あり、対象業者は名簿から特定不能)。住所は市名省略表記を補完
三条市,㈱ナカジマ運輸,許可業者一覧,三条市土場10番37号,0256-33-7750,,,あり(三条市許可名簿),https://www.city.sanjo.niigata.jp/material/files/group/14/kyokagyousyaR80401.pdf,三条市許可名簿(令和8年4月1日現在)・家庭系/事業系の区分記載なし(名簿冒頭に「木くず限定」の注記あり、対象業者は名簿から特定不能)。住所は市名省略表記を補完
三条市,㈱原田商店,許可業者一覧,三条市福島新田丁86-1,0256-45-5098,,,あり(三条市許可名簿),https://www.city.sanjo.niigata.jp/material/files/group/14/kyokagyousyaR80401.pdf,三条市許可名簿(令和8年4月1日現在)・家庭系/事業系の区分記載なし(名簿冒頭に「木くず限定」の注記あり、対象業者は名簿から特定不能)。住所は市名省略表記を補完
三条市,㈱豊和商事,許可業者一覧,三条市福島新田丙2229,0256-45-3251,,,あり(三条市許可名簿),https://www.city.sanjo.niigata.jp/material/files/group/14/kyokagyousyaR80401.pdf,三条市許可名簿(令和8年4月1日現在)・家庭系/事業系の区分記載なし(名簿冒頭に「木くず限定」の注記あり、対象業者は名簿から特定不能)。住所は市名省略表記を補完
三条市,北興商事㈱,許可業者一覧,三条市金子新田丙316-1,0256-34-5865,,,あり(三条市許可名簿),https://www.city.sanjo.niigata.jp/material/files/group/14/kyokagyousyaR80401.pdf,三条市許可名簿(令和8年4月1日現在)・家庭系/事業系の区分記載なし(名簿冒頭に「木くず限定」の注記あり、対象業者は名簿から特定不能)。住所は市名省略表記を補完
三条市,㈱丸正土木,許可業者一覧,三条市上大浦441-1,0256-46-3635,,,あり(三条市許可名簿),https://www.city.sanjo.niigata.jp/material/files/group/14/kyokagyousyaR80401.pdf,三条市許可名簿(令和8年4月1日現在)・家庭系/事業系の区分記載なし(名簿冒頭に「木くず限定」の注記あり、対象業者は名簿から特定不能)。住所は市名省略表記を補完
三条市,マルソー㈱,許可業者一覧,三条市月岡2783-1,0256-34-2631,,,あり(三条市許可名簿),https://www.city.sanjo.niigata.jp/material/files/group/14/kyokagyousyaR80401.pdf,三条市許可名簿(令和8年4月1日現在)・家庭系/事業系の区分記載なし(名簿冒頭に「木くず限定」の注記あり、対象業者は名簿から特定不能)。住所は市名省略表記を補完。市の粗大ごみ戸別収集申込先業者として掲載(https://www.city.sanjo.niigata.jp/soshiki/shimimbu/kankyoka/gomigenryo/gomi/2359.html)
三条市,㈱マルツネ,許可業者一覧,三条市猪子場新田282-1,0256-45-4277,,,あり(三条市許可名簿),https://www.city.sanjo.niigata.jp/material/files/group/14/kyokagyousyaR80401.pdf,三条市許可名簿(令和8年4月1日現在)・家庭系/事業系の区分記載なし(名簿冒頭に「木くず限定」の注記あり、対象業者は名簿から特定不能)。住所は市名省略表記を補完
三条市,㈱みつみ環境,許可業者一覧,三条市泉新田60,0120-323-039,,,あり(三条市許可名簿),https://www.city.sanjo.niigata.jp/material/files/group/14/kyokagyousyaR80401.pdf,三条市許可名簿(令和8年4月1日現在)・家庭系/事業系の区分記載なし(名簿冒頭に「木くず限定」の注記あり、対象業者は名簿から特定不能)。住所は市名省略表記を補完
三条市,吉善運送㈱,許可業者一覧,三条市善久寺2463,0256-45-6215,,,あり(三条市許可名簿),https://www.city.sanjo.niigata.jp/material/files/group/14/kyokagyousyaR80401.pdf,三条市許可名簿(令和8年4月1日現在)・家庭系/事業系の区分記載なし(名簿冒頭に「木くず限定」の注記あり、対象業者は名簿から特定不能)。住所は市名省略表記を補完。市の粗大ごみ戸別収集申込先業者として掲載(https://www.city.sanjo.niigata.jp/soshiki/shimimbu/kankyoka/gomigenryo/gomi/2359.html)
三条市,㈱吉田組,許可業者一覧,三条市荻堀700-1,0256-46-4656,,,あり(三条市許可名簿),https://www.city.sanjo.niigata.jp/material/files/group/14/kyokagyousyaR80401.pdf,三条市許可名簿(令和8年4月1日現在)・家庭系/事業系の区分記載なし(名簿冒頭に「木くず限定」の注記あり、対象業者は名簿から特定不能)。住所は市名省略表記を補完
三条市,㈱スーパージャングル,許可業者一覧,新潟市南区下曲通320-1,025-375-5405,,,あり(三条市許可名簿),https://www.city.sanjo.niigata.jp/material/files/group/14/kyokagyousyaR80401.pdf,三条市許可名簿(令和8年4月1日現在)・家庭系/事業系の区分記載なし(名簿冒頭に「木くず限定」の注記あり、対象業者は名簿から特定不能)。住所は市名省略表記を補完
三条市,新潟エコサイクル工業㈱,許可業者一覧,新潟市西蒲区横戸字新川前3445-3,0256-70-5210,,,あり(三条市許可名簿),https://www.city.sanjo.niigata.jp/material/files/group/14/kyokagyousyaR80401.pdf,三条市許可名簿(令和8年4月1日現在)・家庭系/事業系の区分記載なし(名簿冒頭に「木くず限定」の注記あり、対象業者は名簿から特定不能)。住所は市名省略表記を補完
三条市,㈱ホーネンアグリ,許可業者一覧,長岡市飯塚1986,0258-92-3890,,,あり(三条市許可名簿),https://www.city.sanjo.niigata.jp/material/files/group/14/kyokagyousyaR80401.pdf,三条市許可名簿(令和8年4月1日現在)・家庭系/事業系の区分記載なし(名簿冒頭に「木くず限定」の注記あり、対象業者は名簿から特定不能)。住所は市名省略表記を補完
燕市,ふじ環境保全株式会社,許可業者一覧,燕市佐渡336番地,0256-62-2428,,,あり(燕市の許可業者一覧),https://www.city.tsubame.niigata.jp/soshiki/shimin_seikatsu/3/1/2/3347.html,市ページの見出しは「一般廃棄物処分業許可業者一覧」。収集運搬許可単独の一覧は確認できず。粗大ごみ戸別収集(燕地区)申込先
燕市,株式会社新蒲原総業,許可業者一覧,燕市杣木3184番地1,0256-62-5537,,,あり(燕市の許可業者一覧),https://www.city.tsubame.niigata.jp/soshiki/shimin_seikatsu/3/1/2/3347.html,市ページの見出しは「一般廃棄物処分業許可業者一覧」。収集運搬許可単独の一覧は確認できず。粗大ごみ戸別収集(燕地区)申込先
燕市,有限会社双葉衛生社,許可業者一覧,燕市南7丁目11番33号,0256-62-5302,,,あり(燕市の許可業者一覧),https://www.city.tsubame.niigata.jp/soshiki/shimin_seikatsu/3/1/2/3347.html,市ページの見出しは「一般廃棄物処分業許可業者一覧」。収集運搬許可単独の一覧は確認できず。粗大ごみ戸別収集(燕地区)申込先
燕市,株式会社吉田環境衛生公社,許可業者一覧,燕市吉田本町694番地1,0256-93-2693,,,あり(燕市の許可業者一覧),https://www.city.tsubame.niigata.jp/soshiki/shimin_seikatsu/3/1/2/3347.html,市ページの見出しは「一般廃棄物処分業許可業者一覧」。収集運搬許可単独の一覧は確認できず。
燕市,有限会社本多産業,許可業者一覧,燕市分水あけぼの1丁目126番地2,0256-97-4325,,,あり(燕市の許可業者一覧),https://www.city.tsubame.niigata.jp/soshiki/shimin_seikatsu/3/1/2/3347.html,市ページの見出しは「一般廃棄物処分業許可業者一覧」。収集運搬許可単独の一覧は確認できず。分水地区の粗大ごみ受付は専用番号0256-97-5885(市ページ)
燕市,有限会社高橋清掃産業,許可業者一覧,長岡市和島中沢甲106番地,0258-74-2433,,,あり(燕市の許可業者一覧),https://www.city.tsubame.niigata.jp/soshiki/shimin_seikatsu/3/1/2/3347.html,市ページの見出しは「一般廃棄物処分業許可業者一覧」。収集運搬許可単独の一覧は確認できず。長岡市の許可業者でもある
燕市,ツバメロジス株式会社,許可業者一覧,燕市大関353番地,0256-63-4663,,,あり(燕市の許可業者一覧),https://www.city.tsubame.niigata.jp/soshiki/shimin_seikatsu/3/1/2/3347.html,市ページの見出しは「一般廃棄物処分業許可業者一覧」。収集運搬許可単独の一覧は確認できず。市ページ備考「特定家庭用機器」
新潟市,新潟興産株式会社,許可業者一覧,新潟市北区新崎字毘沙門470番地,025-259-6977,,,あり(新潟市許可名簿),https://www.city.niigata.lg.jp/kurashi/gomi/keihatsu/keikaku/seisojigyo/gyousyaitiran.files/R060220ippan.pdf,新潟市許可名簿(PDF名R060220=令和6年2月20日版・市ページの更新表示は2017/2/16)。取扱廃棄物: 一般ごみ，木くず類。家庭系/粗大ごみの区分は名簿に記載なし
新潟市,新和清掃株式会社,許可業者一覧,新潟市東区材木町1番45号,025-273-1045,,,あり(新潟市許可名簿),https://www.city.niigata.lg.jp/kurashi/gomi/keihatsu/keikaku/seisojigyo/gyousyaitiran.files/R060220ippan.pdf,新潟市許可名簿(PDF名R060220=令和6年2月20日版・市ページの更新表示は2017/2/16)。取扱廃棄物: 一般ごみ，木くず類。家庭系/粗大ごみの区分は名簿に記載なし
新潟市,株式会社北地区清総,許可業者一覧,新潟市北区松浜みなと29番5号,025-259-6363,,,あり(新潟市許可名簿),https://www.city.niigata.lg.jp/kurashi/gomi/keihatsu/keikaku/seisojigyo/gyousyaitiran.files/R060220ippan.pdf,新潟市許可名簿(PDF名R060220=令和6年2月20日版・市ページの更新表示は2017/2/16)。取扱廃棄物: 一般ごみ。家庭系/粗大ごみの区分は名簿に記載なし
新潟市,株式会社新潟市環境事業公社,許可業者一覧,新潟市西区亀貝１６２１番３,025-201-6200,,,あり(新潟市許可名簿),https://www.city.niigata.lg.jp/kurashi/gomi/keihatsu/keikaku/seisojigyo/gyousyaitiran.files/R060220ippan.pdf,新潟市許可名簿(PDF名R060220=令和6年2月20日版・市ページの更新表示は2017/2/16)。取扱廃棄物: 一般ごみ，木くず類。家庭系/粗大ごみの区分は名簿に記載なし。名簿備考: 浄化槽汚泥兼
新潟市,株式会社新潟ビルサービス,許可業者一覧,新潟市中央区上大川前通九番町1268番地2,025-228-3477,,,あり(新潟市許可名簿),https://www.city.niigata.lg.jp/kurashi/gomi/keihatsu/keikaku/seisojigyo/gyousyaitiran.files/R060220ippan.pdf,新潟市許可名簿(PDF名R060220=令和6年2月20日版・市ページの更新表示は2017/2/16)。取扱廃棄物: 一般ごみ，木くず類。家庭系/粗大ごみの区分は名簿に記載なし
新潟市,新潟交友事業株式会社,許可業者一覧,新潟市東区材木町1番46号,025-270-3400,,,あり(新潟市許可名簿),https://www.city.niigata.lg.jp/kurashi/gomi/keihatsu/keikaku/seisojigyo/gyousyaitiran.files/R060220ippan.pdf,新潟市許可名簿(PDF名R060220=令和6年2月20日版・市ページの更新表示は2017/2/16)。取扱廃棄物: 一般ごみ，木くず類。家庭系/粗大ごみの区分は名簿に記載なし
新潟市,株式会社新鉄工業所,許可業者一覧,新潟市中央区関屋本村町一丁目149番地9,025-271-6683,,,あり(新潟市許可名簿),https://www.city.niigata.lg.jp/kurashi/gomi/keihatsu/keikaku/seisojigyo/gyousyaitiran.files/R060220ippan.pdf,新潟市許可名簿(PDF名R060220=令和6年2月20日版・市ページの更新表示は2017/2/16)。取扱廃棄物: 一般ごみ，木くず類。家庭系/粗大ごみの区分は名簿に記載なし
新潟市,株式会社ＮＫＳコーポレーション,許可業者一覧,新潟市中央区紫竹山二丁目5番40号,025-290-5800,,,あり(新潟市許可名簿),https://www.city.niigata.lg.jp/kurashi/gomi/keihatsu/keikaku/seisojigyo/gyousyaitiran.files/R060220ippan.pdf,新潟市許可名簿(PDF名R060220=令和6年2月20日版・市ページの更新表示は2017/2/16)。取扱廃棄物: 一般ごみ。家庭系/粗大ごみの区分は名簿に記載なし
新潟市,株式会社トートク,許可業者一覧,新潟市東区材木町1番27号,025-271-7511,,,あり(新潟市許可名簿),https://www.city.niigata.lg.jp/kurashi/gomi/keihatsu/keikaku/seisojigyo/gyousyaitiran.files/R060220ippan.pdf,新潟市許可名簿(PDF名R060220=令和6年2月20日版・市ページの更新表示は2017/2/16)。取扱廃棄物: 一般ごみ，木くず類。家庭系/粗大ごみの区分は名簿に記載なし
新潟市,有限会社東北事業,許可業者一覧,新潟市東区秋葉一丁目5番地,025-273-5918,,,あり(新潟市許可名簿),https://www.city.niigata.lg.jp/kurashi/gomi/keihatsu/keikaku/seisojigyo/gyousyaitiran.files/R060220ippan.pdf,新潟市許可名簿(PDF名R060220=令和6年2月20日版・市ページの更新表示は2017/2/16)。取扱廃棄物: 一般ごみ，木くず類。家庭系/粗大ごみの区分は名簿に記載なし
新潟市,中野清掃有限会社,許可業者一覧,新潟市中央区西堀前通二番町716番地,025-223-2901,,,あり(新潟市許可名簿),https://www.city.niigata.lg.jp/kurashi/gomi/keihatsu/keikaku/seisojigyo/gyousyaitiran.files/R060220ippan.pdf,新潟市許可名簿(PDF名R060220=令和6年2月20日版・市ページの更新表示は2017/2/16)。取扱廃棄物: 一般ごみ。家庭系/粗大ごみの区分は名簿に記載なし。名簿備考: 浄化槽汚泥兼
新潟市,北陸保全工業株式会社,許可業者一覧,新潟市東区一日市180番地1,025-384-8908,,,あり(新潟市許可名簿),https://www.city.niigata.lg.jp/kurashi/gomi/keihatsu/keikaku/seisojigyo/gyousyaitiran.files/R060220ippan.pdf,新潟市許可名簿(PDF名R060220=令和6年2月20日版・市ページの更新表示は2017/2/16)。取扱廃棄物: 一般ごみ，木くず類。家庭系/粗大ごみの区分は名簿に記載なし
新潟市,ＪＲ新潟鉄道サービス株式会社,許可業者一覧,新潟市中央区鐙西二丁目17番19号,025-244-0590,,,あり(新潟市許可名簿),https://www.city.niigata.lg.jp/kurashi/gomi/keihatsu/keikaku/seisojigyo/gyousyaitiran.files/R060220ippan.pdf,新潟市許可名簿(PDF名R060220=令和6年2月20日版・市ページの更新表示は2017/2/16)。取扱廃棄物: 一般ごみ。家庭系/粗大ごみの区分は名簿に記載なし
新潟市,北越環境株式会社,許可業者一覧,新潟市東区山木戸1323番地1,025-273-0366,,,あり(新潟市許可名簿),https://www.city.niigata.lg.jp/kurashi/gomi/keihatsu/keikaku/seisojigyo/gyousyaitiran.files/R060220ippan.pdf,新潟市許可名簿(PDF名R060220=令和6年2月20日版・市ページの更新表示は2017/2/16)。取扱廃棄物: 一般ごみ，木くず類，畳。家庭系/粗大ごみの区分は名簿に記載なし。名簿備考: 処分業兼
新潟市,株式会社ネクスコ・メンテナンス新潟,許可業者一覧,長岡市喜多町字金輪138番1,0258-46-7231,,,あり(新潟市許可名簿),https://www.city.niigata.lg.jp/kurashi/gomi/keihatsu/keikaku/seisojigyo/gyousyaitiran.files/R060220ippan.pdf,新潟市許可名簿(PDF名R060220=令和6年2月20日版・市ページの更新表示は2017/2/16)。取扱廃棄物: 一般ごみ。家庭系/粗大ごみの区分は名簿に記載なし
新潟市,有限会社ムネケン,許可業者一覧,新潟市西区鳥原新田427番地,025-377-5146,,,あり(新潟市許可名簿),https://www.city.niigata.lg.jp/kurashi/gomi/keihatsu/keikaku/seisojigyo/gyousyaitiran.files/R060220ippan.pdf,新潟市許可名簿(PDF名R060220=令和6年2月20日版・市ページの更新表示は2017/2/16)。取扱廃棄物: 一般ごみ，木くず類。家庭系/粗大ごみの区分は名簿に記載なし
新潟市,株式会社ケー・エス工業,許可業者一覧,新潟市西区木場3402番地1,025-378-7345,,,あり(新潟市許可名簿),https://www.city.niigata.lg.jp/kurashi/gomi/keihatsu/keikaku/seisojigyo/gyousyaitiran.files/R060220ippan.pdf,新潟市許可名簿(PDF名R060220=令和6年2月20日版・市ページの更新表示は2017/2/16)。取扱廃棄物: 一般ごみ。家庭系/粗大ごみの区分は名簿に記載なし
新潟市,株式会社ワーク,許可業者一覧,新潟市秋葉区小口415番地1,0250-24-5383,,,あり(新潟市許可名簿),https://www.city.niigata.lg.jp/kurashi/gomi/keihatsu/keikaku/seisojigyo/gyousyaitiran.files/R060220ippan.pdf,新潟市許可名簿(PDF名R060220=令和6年2月20日版・市ページの更新表示は2017/2/16)。取扱廃棄物: 一般ごみ。家庭系/粗大ごみの区分は名簿に記載なし
新潟市,株式会社ひまわり清掃サービス,許可業者一覧,新潟市秋葉区下新170番地,0250-22-8161,,,あり(新潟市許可名簿),https://www.city.niigata.lg.jp/kurashi/gomi/keihatsu/keikaku/seisojigyo/gyousyaitiran.files/R060220ippan.pdf,新潟市許可名簿(PDF名R060220=令和6年2月20日版・市ページの更新表示は2017/2/16)。取扱廃棄物: 一般ごみ。家庭系/粗大ごみの区分は名簿に記載なし
新潟市,有限会社ひまわり,許可業者一覧,新潟市秋葉区下新170番地,0250-25-3970,,,あり(新潟市許可名簿),https://www.city.niigata.lg.jp/kurashi/gomi/keihatsu/keikaku/seisojigyo/gyousyaitiran.files/R060220ippan.pdf,新潟市許可名簿(PDF名R060220=令和6年2月20日版・市ページの更新表示は2017/2/16)。取扱廃棄物: 家電。家庭系/粗大ごみの区分は名簿に記載なし。名簿備考: 浄化槽汚泥兼
新潟市,有限会社ニイツクリーンテック,許可業者一覧,新潟市秋葉区古田ノ内大野開191番地,0250-21-2177,,,あり(新潟市許可名簿),https://www.city.niigata.lg.jp/kurashi/gomi/keihatsu/keikaku/seisojigyo/gyousyaitiran.files/R060220ippan.pdf,新潟市許可名簿(PDF名R060220=令和6年2月20日版・市ページの更新表示は2017/2/16)。取扱廃棄物: 家電。家庭系/粗大ごみの区分は名簿に記載なし
新潟市,有限会社菅井産興,許可業者一覧,新潟市北区太田甲5834番地1,025-386-8816,,,あり(新潟市許可名簿),https://www.city.niigata.lg.jp/kurashi/gomi/keihatsu/keikaku/seisojigyo/gyousyaitiran.files/R060220ippan.pdf,新潟市許可名簿(PDF名R060220=令和6年2月20日版・市ページの更新表示は2017/2/16)。取扱廃棄物: 一般ごみ。家庭系/粗大ごみの区分は名簿に記載なし
新潟市,アイビス技建株式会社,許可業者一覧,新潟市北区石動一丁目15番地4,025-386-1520,,,あり(新潟市許可名簿),https://www.city.niigata.lg.jp/kurashi/gomi/keihatsu/keikaku/seisojigyo/gyousyaitiran.files/R060220ippan.pdf,新潟市許可名簿(PDF名R060220=令和6年2月20日版・市ページの更新表示は2017/2/16)。取扱廃棄物: 一般ごみ，木くず類。家庭系/粗大ごみの区分は名簿に記載なし
新潟市,有限会社クボタクリーン,許可業者一覧,新潟市江南区曙町三丁目12番12号,025-381-4475,,,あり(新潟市許可名簿),https://www.city.niigata.lg.jp/kurashi/gomi/keihatsu/keikaku/seisojigyo/gyousyaitiran.files/R060220ippan.pdf,新潟市許可名簿(PDF名R060220=令和6年2月20日版・市ページの更新表示は2017/2/16)。取扱廃棄物: 一般ごみ。家庭系/粗大ごみの区分は名簿に記載なし。名簿備考: 浄化槽汚泥兼
新潟市,有限会社郷土衛生社,許可業者一覧,新潟市江南区亀田水道町四丁目6番35号,025-381-5161,,,あり(新潟市許可名簿),https://www.city.niigata.lg.jp/kurashi/gomi/keihatsu/keikaku/seisojigyo/gyousyaitiran.files/R060220ippan.pdf,新潟市許可名簿(PDF名R060220=令和6年2月20日版・市ページの更新表示は2017/2/16)。取扱廃棄物: 一般ごみ。家庭系/粗大ごみの区分は名簿に記載なし
新潟市,有限会社亀田横越衛生工業社,許可業者一覧,新潟市江南区曙町一丁目1番46号,025-382-5418,,,あり(新潟市許可名簿),https://www.city.niigata.lg.jp/kurashi/gomi/keihatsu/keikaku/seisojigyo/gyousyaitiran.files/R060220ippan.pdf,新潟市許可名簿(PDF名R060220=令和6年2月20日版・市ページの更新表示は2017/2/16)。取扱廃棄物: 一般ごみ。家庭系/粗大ごみの区分は名簿に記載なし。名簿備考: 浄化槽汚泥兼
新潟市,クラウン建設株式会社,許可業者一覧,新潟市江南区木津一丁目8番6号,025-385-4681,,,あり(新潟市許可名簿),https://www.city.niigata.lg.jp/kurashi/gomi/keihatsu/keikaku/seisojigyo/gyousyaitiran.files/R060220ippan.pdf,新潟市許可名簿(PDF名R060220=令和6年2月20日版・市ページの更新表示は2017/2/16)。取扱廃棄物: 一般ごみ。家庭系/粗大ごみの区分は名簿に記載なし
新潟市,日綋土木工業株式会社,許可業者一覧,新潟市江南区横越川根町一丁目2番14号,025-385-3364,,,あり(新潟市許可名簿),https://www.city.niigata.lg.jp/kurashi/gomi/keihatsu/keikaku/seisojigyo/gyousyaitiran.files/R060220ippan.pdf,新潟市許可名簿(PDF名R060220=令和6年2月20日版・市ページの更新表示は2017/2/16)。取扱廃棄物: 一般ごみ。家庭系/粗大ごみの区分は名簿に記載なし
新潟市,金政建設株式会社,許可業者一覧,新潟市江南区元町四丁目451番地1,025-382-3341,,,あり(新潟市許可名簿),https://www.city.niigata.lg.jp/kurashi/gomi/keihatsu/keikaku/seisojigyo/gyousyaitiran.files/R060220ippan.pdf,新潟市許可名簿(PDF名R060220=令和6年2月20日版・市ページの更新表示は2017/2/16)。取扱廃棄物: 一般ごみ。家庭系/粗大ごみの区分は名簿に記載なし
新潟市,有限会社ヤマヒロ輸送,許可業者一覧,新潟市西蒲区夏井747番地,0256-82-5211,,,あり(新潟市許可名簿),https://www.city.niigata.lg.jp/kurashi/gomi/keihatsu/keikaku/seisojigyo/gyousyaitiran.files/R060220ippan.pdf,新潟市許可名簿(PDF名R060220=令和6年2月20日版・市ページの更新表示は2017/2/16)。取扱廃棄物: 一般ごみ。家庭系/粗大ごみの区分は名簿に記載なし
新潟市,株式会社クリーン公社,許可業者一覧,新潟市西蒲区横曽根1440番地,0256-82-2591,,,あり(新潟市許可名簿),https://www.city.niigata.lg.jp/kurashi/gomi/keihatsu/keikaku/seisojigyo/gyousyaitiran.files/R060220ippan.pdf,新潟市許可名簿(PDF名R060220=令和6年2月20日版・市ページの更新表示は2017/2/16)。取扱廃棄物: 一般ごみ。家庭系/粗大ごみの区分は名簿に記載なし
新潟市,株式会社柿島清掃,許可業者一覧,新潟市西蒲区和納6973番地1,0256-82-3415,,,あり(新潟市許可名簿),https://www.city.niigata.lg.jp/kurashi/gomi/keihatsu/keikaku/seisojigyo/gyousyaitiran.files/R060220ippan.pdf,新潟市許可名簿(PDF名R060220=令和6年2月20日版・市ページの更新表示は2017/2/16)。取扱廃棄物: 一般ごみ。家庭系/粗大ごみの区分は名簿に記載なし
新潟市,株式会社西川クリーナー,許可業者一覧,新潟市西蒲区旗屋480番地,0256-88-3366,,,あり(新潟市許可名簿),https://www.city.niigata.lg.jp/kurashi/gomi/keihatsu/keikaku/seisojigyo/gyousyaitiran.files/R060220ippan.pdf,新潟市許可名簿(PDF名R060220=令和6年2月20日版・市ページの更新表示は2017/2/16)。取扱廃棄物: 一般ごみ。家庭系/粗大ごみの区分は名簿に記載なし。名簿備考: 浄化槽汚泥兼
新潟市,ふじ環境保全株式会社,許可業者一覧,燕市佐渡336番地,0256-62-2428,,,あり(新潟市許可名簿),https://www.city.niigata.lg.jp/kurashi/gomi/keihatsu/keikaku/seisojigyo/gyousyaitiran.files/R060220ippan.pdf,新潟市許可名簿(PDF名R060220=令和6年2月20日版・市ページの更新表示は2017/2/16)。取扱廃棄物: 一般ごみ，木くず類。家庭系/粗大ごみの区分は名簿に記載なし。名簿備考: 木くず類は注①
新潟市,有限会社キープクリーン,許可業者一覧,新潟市南区西笠巻2114番地,025-362-6045,,,あり(新潟市許可名簿),https://www.city.niigata.lg.jp/kurashi/gomi/keihatsu/keikaku/seisojigyo/gyousyaitiran.files/R060220ippan.pdf,新潟市許可名簿(PDF名R060220=令和6年2月20日版・市ページの更新表示は2017/2/16)。取扱廃棄物: 一般ごみ，木くず類。家庭系/粗大ごみの区分は名簿に記載なし
新潟市,有限会社潟東環境保全工業,許可業者一覧,新潟市西蒲区遠藤43番地,0256-86-3050,,,あり(新潟市許可名簿),https://www.city.niigata.lg.jp/kurashi/gomi/keihatsu/keikaku/seisojigyo/gyousyaitiran.files/R060220ippan.pdf,新潟市許可名簿(PDF名R060220=令和6年2月20日版・市ページの更新表示は2017/2/16)。取扱廃棄物: 一般ごみ。家庭系/粗大ごみの区分は名簿に記載なし。名簿備考: 浄化槽汚泥兼
新潟市,有限会社アースレンジャー,許可業者一覧,新潟市南区犬帰新田651番地,025-280-7003,,,あり(新潟市許可名簿),https://www.city.niigata.lg.jp/kurashi/gomi/keihatsu/keikaku/seisojigyo/gyousyaitiran.files/R060220ippan.pdf,新潟市許可名簿(PDF名R060220=令和6年2月20日版・市ページの更新表示は2017/2/16)。取扱廃棄物: 一般ごみ，木くず類。家庭系/粗大ごみの区分は名簿に記載なし
新潟市,株式会社佐藤衛生工業,許可業者一覧,新潟市南区菱潟新田209番地,025-372-2964,,,あり(新潟市許可名簿),https://www.city.niigata.lg.jp/kurashi/gomi/keihatsu/keikaku/seisojigyo/gyousyaitiran.files/R060220ippan.pdf,新潟市許可名簿(PDF名R060220=令和6年2月20日版・市ページの更新表示は2017/2/16)。取扱廃棄物: 一般ごみ。家庭系/粗大ごみの区分は名簿に記載なし。名簿備考: 浄化槽汚泥兼
新潟市,有限会社白根クリーンサービス,許可業者一覧,新潟市南区白根401番地9,025-373-4681,,,あり(新潟市許可名簿),https://www.city.niigata.lg.jp/kurashi/gomi/keihatsu/keikaku/seisojigyo/gyousyaitiran.files/R060220ippan.pdf,新潟市許可名簿(PDF名R060220=令和6年2月20日版・市ページの更新表示は2017/2/16)。取扱廃棄物: 一般ごみ。家庭系/粗大ごみの区分は名簿に記載なし
新潟市,株式会社白根清掃社,許可業者一覧,新潟市南区鍋潟1608番1,025-373-4643,,,あり(新潟市許可名簿),https://www.city.niigata.lg.jp/kurashi/gomi/keihatsu/keikaku/seisojigyo/gyousyaitiran.files/R060220ippan.pdf,新潟市許可名簿(PDF名R060220=令和6年2月20日版・市ページの更新表示は2017/2/16)。取扱廃棄物: 一般ごみ。家庭系/粗大ごみの区分は名簿に記載なし
新潟市,有限会社ヌノカワクリーンサービス,許可業者一覧,新潟市南区能登一丁目8番12号,025-372-2747,,,あり(新潟市許可名簿),https://www.city.niigata.lg.jp/kurashi/gomi/keihatsu/keikaku/seisojigyo/gyousyaitiran.files/R060220ippan.pdf,新潟市許可名簿(PDF名R060220=令和6年2月20日版・市ページの更新表示は2017/2/16)。取扱廃棄物: 一般ごみ。家庭系/粗大ごみの区分は名簿に記載なし。名簿備考: 浄化槽汚泥兼
新潟市,有限会社下越環境開発,許可業者一覧,新潟市秋葉区新保1279番地1,0250-38-4323,,,あり(新潟市許可名簿),https://www.city.niigata.lg.jp/kurashi/gomi/keihatsu/keikaku/seisojigyo/gyousyaitiran.files/R060220ippan.pdf,新潟市許可名簿(PDF名R060220=令和6年2月20日版・市ページの更新表示は2017/2/16)。取扱廃棄物: 一般ごみ。家庭系/粗大ごみの区分は名簿に記載なし
新潟市,株式会社たきざわエコサービス,許可業者一覧,新潟市南区大倉新田250番地,025-372-3922,,,あり(新潟市許可名簿),https://www.city.niigata.lg.jp/kurashi/gomi/keihatsu/keikaku/seisojigyo/gyousyaitiran.files/R060220ippan.pdf,新潟市許可名簿(PDF名R060220=令和6年2月20日版・市ページの更新表示は2017/2/16)。取扱廃棄物: 一般ごみ。家庭系/粗大ごみの区分は名簿に記載なし
新潟市,株式会社ニッケン,許可業者一覧,新潟市西蒲区東小吉672番地,025-375-2634,,,あり(新潟市許可名簿),https://www.city.niigata.lg.jp/kurashi/gomi/keihatsu/keikaku/seisojigyo/gyousyaitiran.files/R060220ippan.pdf,新潟市許可名簿(PDF名R060220=令和6年2月20日版・市ページの更新表示は2017/2/16)。取扱廃棄物: 一般ごみ。家庭系/粗大ごみの区分は名簿に記載なし
新潟市,株式会社スーパージャングル,許可業者一覧,新潟市南区下曲通320番地1,025-375-5405,,,あり(新潟市許可名簿),https://www.city.niigata.lg.jp/kurashi/gomi/keihatsu/keikaku/seisojigyo/gyousyaitiran.files/R060220ippan.pdf,新潟市許可名簿(PDF名R060220=令和6年2月20日版・市ページの更新表示は2017/2/16)。取扱廃棄物: 一般ごみ，木くず類。家庭系/粗大ごみの区分は名簿に記載なし。名簿備考: 処分業兼
新潟市,株式会社本田工業,許可業者一覧,新潟市西蒲区河間125番地2,025-375-3399,,,あり(新潟市許可名簿),https://www.city.niigata.lg.jp/kurashi/gomi/keihatsu/keikaku/seisojigyo/gyousyaitiran.files/R060220ippan.pdf,新潟市許可名簿(PDF名R060220=令和6年2月20日版・市ページの更新表示は2017/2/16)。取扱廃棄物: 一般ごみ。家庭系/粗大ごみの区分は名簿に記載なし
新潟市,株式会社石山商店,許可業者一覧,新潟市西蒲区仁箇536番地,0256-72-3670,,,あり(新潟市許可名簿),https://www.city.niigata.lg.jp/kurashi/gomi/keihatsu/keikaku/seisojigyo/gyousyaitiran.files/R060220ippan.pdf,新潟市許可名簿(PDF名R060220=令和6年2月20日版・市ページの更新表示は2017/2/16)。取扱廃棄物: 一般ごみ。家庭系/粗大ごみの区分は名簿に記載なし
新潟市,髙橋民男,許可業者一覧,新潟市西蒲区割前97番地4,0256-72-8184,,,あり(新潟市許可名簿),https://www.city.niigata.lg.jp/kurashi/gomi/keihatsu/keikaku/seisojigyo/gyousyaitiran.files/R060220ippan.pdf,新潟市許可名簿(PDF名R060220=令和6年2月20日版・市ページの更新表示は2017/2/16)。取扱廃棄物: 一般ごみ。家庭系/粗大ごみの区分は名簿に記載なし
新潟市,株式会社ミツワクリーナー,許可業者一覧,新潟市西蒲区巻甲3044番地3,0256-72-6063,,,あり(新潟市許可名簿),https://www.city.niigata.lg.jp/kurashi/gomi/keihatsu/keikaku/seisojigyo/gyousyaitiran.files/R060220ippan.pdf,新潟市許可名簿(PDF名R060220=令和6年2月20日版・市ページの更新表示は2017/2/16)。取扱廃棄物: 一般ごみ。家庭系/粗大ごみの区分は名簿に記載なし
新潟市,高倉産業株式会社,許可業者一覧,新潟市西区緒立流通一丁目1番地１,025-377-0080,,,あり(新潟市許可名簿),https://www.city.niigata.lg.jp/kurashi/gomi/keihatsu/keikaku/seisojigyo/gyousyaitiran.files/R060220ippan.pdf,新潟市許可名簿(PDF名R060220=令和6年2月20日版・市ページの更新表示は2017/2/16)。取扱廃棄物: 一般ごみ，木くず類。家庭系/粗大ごみの区分は名簿に記載なし。名簿備考: 処分業兼
新潟市,株式会社三和環境,許可業者一覧,新潟市南区根岸272番地,025-362-7706,,,あり(新潟市許可名簿),https://www.city.niigata.lg.jp/kurashi/gomi/keihatsu/keikaku/seisojigyo/gyousyaitiran.files/R060220ippan.pdf,新潟市許可名簿(PDF名R060220=令和6年2月20日版・市ページの更新表示は2017/2/16)。取扱廃棄物: 一般ごみ。家庭系/粗大ごみの区分は名簿に記載なし
新潟市,株式会社佐藤建設,許可業者一覧,新潟市北区白新町二丁目1番2号,025-386-2811,,,あり(新潟市許可名簿),https://www.city.niigata.lg.jp/kurashi/gomi/keihatsu/keikaku/seisojigyo/gyousyaitiran.files/R060220ippan.pdf,新潟市許可名簿(PDF名R060220=令和6年2月20日版・市ページの更新表示は2017/2/16)。取扱廃棄物: 一般ごみ。家庭系/粗大ごみの区分は名簿に記載なし
新潟市,株式会社新潟エコテック,許可業者一覧,新潟市秋葉区古田ノ内大野開143番地3,0250-23-1235,,,あり(新潟市許可名簿),https://www.city.niigata.lg.jp/kurashi/gomi/keihatsu/keikaku/seisojigyo/gyousyaitiran.files/R060220ippan.pdf,新潟市許可名簿(PDF名R060220=令和6年2月20日版・市ページの更新表示は2017/2/16)。取扱廃棄物: 一般ごみ，木くず類。家庭系/粗大ごみの区分は名簿に記載なし
上越市,有限会社いろはビルサービス,許可業者一覧,上越市南本町3丁目1-15,025-525-2121,,,あり(上越市許可・取扱品目限定なし),https://www.city.joetsu.niigata.jp/soshiki/seikatsu/waste-manual2-list.html,上越市「一般廃棄物(取扱品目限定なし)収集運搬許可業者」(2026/4/15更新)。許可区域は市ページ上の区域列に従う(確認できた限りでは多くが上越市全域)
上越市,株式会社WastecENERGY,許可業者一覧,上越市三ツ屋町8-3,025-544-7710,,,あり(上越市許可・取扱品目限定なし),https://www.city.joetsu.niigata.jp/soshiki/seikatsu/waste-manual2-list.html,上越市「一般廃棄物(取扱品目限定なし)収集運搬許可業者」(2026/4/15更新)。許可区域は市ページ上の区域列に従う(確認できた限りでは多くが上越市全域)
上越市,黒岩商事株式会社,許可業者一覧,上越市鴨島2丁目6-36,025-525-7245,,,あり(上越市許可・取扱品目限定なし),https://www.city.joetsu.niigata.jp/soshiki/seikatsu/waste-manual2-list.html,上越市「一般廃棄物(取扱品目限定なし)収集運搬許可業者」(2026/4/15更新)。許可区域は市ページ上の区域列に従う(確認できた限りでは多くが上越市全域)
上越市,株式会社上越グリーン,許可業者一覧,上越市大字下五貫野44-1,025-520-3616,,,あり(上越市許可・取扱品目限定なし),https://www.city.joetsu.niigata.jp/soshiki/seikatsu/waste-manual2-list.html,上越市「一般廃棄物(取扱品目限定なし)収集運搬許可業者」(2026/4/15更新)。許可区域は市ページ上の区域列に従う(確認できた限りでは多くが上越市全域)
上越市,株式会社上越ハイキー,許可業者一覧,上越市大字下真砂64-14,025-530-7667,,,あり(上越市許可・取扱品目限定なし),https://www.city.joetsu.niigata.jp/soshiki/seikatsu/waste-manual2-list.html,上越市「一般廃棄物(取扱品目限定なし)収集運搬許可業者」(2026/4/15更新)。許可区域は市ページ上の区域列に従う(確認できた限りでは多くが上越市全域)
上越市,上越マテリアル株式会社,許可業者一覧,上越市大字下名柄1618-1,025-539-1008,,,あり(上越市許可・取扱品目限定なし),https://www.city.joetsu.niigata.jp/soshiki/seikatsu/waste-manual2-list.html,上越市「一般廃棄物(取扱品目限定なし)収集運搬許可業者」(2026/4/15更新)。許可区域は市ページ上の区域列に従う(確認できた限りでは多くが上越市全域)
上越市,一般財団法人上越市環境衛生公社,許可業者一覧,上越市春日新田5丁目21-15,025-543-4121,,,あり(上越市許可・取扱品目限定なし),https://www.city.joetsu.niigata.jp/soshiki/seikatsu/waste-manual2-list.html,上越市「一般廃棄物(取扱品目限定なし)収集運搬許可業者」(2026/4/15更新)。許可区域は市ページ上の区域列に従う(確認できた限りでは多くが上越市全域)
上越市,飛田テック株式会社,許可業者一覧,上越市中箱井47-1,025-524-2535,,,あり(上越市許可・取扱品目限定なし),https://www.city.joetsu.niigata.jp/soshiki/seikatsu/waste-manual2-list.html,上越市「一般廃棄物(取扱品目限定なし)収集運搬許可業者」(2026/4/15更新)。許可区域は市ページ上の区域列に従う(確認できた限りでは多くが上越市全域)
上越市,株式会社マキタ創建,許可業者一覧,上越市大字福橋625,025-543-4293,,,あり(上越市許可・取扱品目限定なし),https://www.city.joetsu.niigata.jp/soshiki/seikatsu/waste-manual2-list.html,上越市「一般廃棄物(取扱品目限定なし)収集運搬許可業者」(2026/4/15更新)。許可区域は市ページ上の区域列に従う(確認できた限りでは多くが上越市全域)
上越市,株式会社環境サービス,許可業者一覧,上越市浦川原区横川457-3,025-599-2527,,,あり(上越市許可・取扱品目限定なし),https://www.city.joetsu.niigata.jp/soshiki/seikatsu/waste-manual2-list.html,上越市「一般廃棄物(取扱品目限定なし)収集運搬許可業者」(2026/4/15更新)。許可区域は市ページ上の区域列に従う(確認できた限りでは多くが上越市全域)
上越市,有限会社柿崎清掃社,許可業者一覧,上越市柿崎区柿崎7036-1,025-536-2687,,,あり(上越市許可・取扱品目限定なし),https://www.city.joetsu.niigata.jp/soshiki/seikatsu/waste-manual2-list.html,上越市「一般廃棄物(取扱品目限定なし)収集運搬許可業者」(2026/4/15更新)。許可区域は市ページ上の区域列に従う(確認できた限りでは多くが上越市全域)
上越市,有限会社サトー興業,許可業者一覧,上越市大潟区九戸浜192-1,025-534-6008,,,あり(上越市許可・取扱品目限定なし),https://www.city.joetsu.niigata.jp/soshiki/seikatsu/waste-manual2-list.html,上越市「一般廃棄物(取扱品目限定なし)収集運搬許可業者」(2026/4/15更新)。許可区域は市ページ上の区域列に従う(確認できた限りでは多くが上越市全域)
上越市,有限会社吉川クリーンサービス,許可業者一覧,上越市吉川区長峰100-8,025-548-3705,,,あり(上越市許可・取扱品目限定なし),https://www.city.joetsu.niigata.jp/soshiki/seikatsu/waste-manual2-list.html,上越市「一般廃棄物(取扱品目限定なし)収集運搬許可業者」(2026/4/15更新)。許可区域は市ページ上の区域列に従う(確認できた限りでは多くが上越市全域)
上越市,有限会社金井商事,許可業者一覧,上越市名立区名立小泊102-10,025-537-2633,,,あり(上越市許可・取扱品目限定なし),https://www.city.joetsu.niigata.jp/soshiki/seikatsu/waste-manual2-list.html,上越市「一般廃棄物(取扱品目限定なし)収集運搬許可業者」(2026/4/15更新)。許可区域は市ページ上の区域列に従う(確認できた限りでは多くが上越市全域)
上越市,有限会社室橋重機工事,許可業者一覧,上越市名立区名立大町1111,025-530-7839,,,あり(上越市許可・取扱品目限定なし),https://www.city.joetsu.niigata.jp/soshiki/seikatsu/waste-manual2-list.html,上越市「一般廃棄物(取扱品目限定なし)収集運搬許可業者」(2026/4/15更新)。許可区域は市ページ上の区域列に従う(確認できた限りでは多くが上越市全域)
上越市,株式会社ツカダ運輸,許可業者一覧,糸魚川市大字桂278-15,0255-66-5105,,,あり(上越市許可・取扱品目限定なし),https://www.city.joetsu.niigata.jp/soshiki/seikatsu/waste-manual2-list.html,上越市「一般廃棄物(取扱品目限定なし)収集運搬許可業者」(2026/4/15更新)。許可区域は市ページ上の区域列に従う(確認できた限りでは多くが上越市全域)
上越市,有限会社伊津美工業,許可業者一覧,妙高市小出雲3丁目14-12,0255-72-5201,,,あり(上越市許可・取扱品目限定なし),https://www.city.joetsu.niigata.jp/soshiki/seikatsu/waste-manual2-list.html,上越市「一般廃棄物(取扱品目限定なし)収集運搬許可業者」(2026/4/15更新)。許可区域は市ページ上の区域列に従う(確認できた限りでは多くが上越市全域)。中郷区のみ
上越市,名立運送株式会社,許可業者一覧,上越市名立区名立小泊140-17,025-537-2101,,,あり(上越市許可・取扱品目限定なし),https://www.city.joetsu.niigata.jp/soshiki/seikatsu/waste-manual2-list.html,上越市「一般廃棄物(取扱品目限定なし)収集運搬許可業者」(2026/4/15更新)。許可区域は市ページ上の区域列に従う(確認できた限りでは多くが上越市全域)。名立区のみ
十日町市,プリヴェ運輸株式会社,許可業者一覧,十日町市北鐙坂2408,025-757-6111,,,あり(十日町市一般廃棄物運搬許可・2023/1/12更新),https://www.city.tokamachi.lg.jp/soshiki/kankyoenergybu/kankyoeiseika/1/gyomu/1450420842392.html,品目区分の記載なし
十日町市,有限会社井上商店,許可業者一覧,十日町市山谷1132-7,025-757-3335,,,あり(十日町市一般廃棄物運搬許可・2023/1/12更新),https://www.city.tokamachi.lg.jp/soshiki/kankyoenergybu/kankyoeiseika/1/gyomu/1450420842392.html,品目区分の記載なし
十日町市,有限会社グリーン清掃社,許可業者一覧,十日町市千歳町1丁目1-37,025-752-2987,,,あり(十日町市一般廃棄物運搬許可・2023/1/12更新),https://www.city.tokamachi.lg.jp/soshiki/kankyoenergybu/kankyoeiseika/1/gyomu/1450420842392.html,品目区分の記載なし
十日町市,有限会社滝沢重機,許可業者一覧,十日町市如来寺甲2319-子,025-763-3333,,,あり(十日町市一般廃棄物運搬許可・2023/1/12更新),https://www.city.tokamachi.lg.jp/soshiki/kankyoenergybu/kankyoeiseika/1/gyomu/1450420842392.html,品目区分の記載なし
十日町市,有限会社十日町廃棄物清掃公社,許可業者一覧,十日町市高山3丁目107-2,025-752-4521,,,あり(十日町市一般廃棄物運搬許可・2023/1/12更新),https://www.city.tokamachi.lg.jp/soshiki/kankyoenergybu/kankyoeiseika/1/gyomu/1450420842392.html,品目区分の記載なし
十日町市,有限会社服部架設,許可業者一覧,十日町市如来寺甲7082,025-763-3906,,,あり(十日町市一般廃棄物運搬許可・2023/1/12更新),https://www.city.tokamachi.lg.jp/soshiki/kankyoenergybu/kankyoeiseika/1/gyomu/1450420842392.html,品目区分の記載なし
十日町市,有限会社藤ノ木建設,許可業者一覧,中魚沼郡津南町下船渡戊1078-1,025-765-2867,,,あり(十日町市一般廃棄物運搬許可・2023/1/12更新),https://www.city.tokamachi.lg.jp/soshiki/kankyoenergybu/kankyoeiseika/1/gyomu/1450420842392.html,品目区分の記載なし
十日町市,有限会社宮下商事,許可業者一覧,十日町市宮下町西295-2,025-752-5400,,,あり(十日町市一般廃棄物運搬許可・2023/1/12更新),https://www.city.tokamachi.lg.jp/soshiki/kankyoenergybu/kankyoeiseika/1/gyomu/1450420842392.html,品目区分の記載なし
十日町市,株式会社十日町環境,許可業者一覧,十日町市高田町6丁目799-4,025-761-7935,,,あり(十日町市一般廃棄物運搬許可・2023/1/12更新),https://www.city.tokamachi.lg.jp/soshiki/kankyoenergybu/kankyoeiseika/1/gyomu/1450420842392.html,品目区分の記載なし
長岡市,株式会社丸共,遺品整理Web,長岡市高見町3039番地5（〒940-0004）,0258-24-0700,https://marukyou.com,公式2ページでは記載なし(第三者検索結果には在籍の記述あり・未確認),あり(沿革に「昭和47年 長岡市一般廃棄物処理業許可を取得」),https://marukyou.com/aboutus/,公式に「空家の片付けや遺品整理」の記載あり。長岡市許可名簿にも掲載。別サイト https://www.marukyou-huyouhin.com/
長岡市,株式会社サポート21,遺品整理Web,長岡市川崎町1359,0258-35-7070,http://estate.sub.jp/,あり(「担当者は遺品整理士の資格を持っています」),記載なし,http://estate.sub.jp/,遺品整理・生前整理を明記。「長岡地元で20年の実績」
長岡市,株式会社とっと・つなぐ,遺品整理Web,長岡市(番地記載なし),0258-30-1350,https://totto-temple.com/akiya,あり(スタッフに遺品整理士),記載なし,https://totto-temple.com/akiya,空き家整理・遺品整理・生前整理を明記。県内出張見積対応
長岡市,暮らしの便利屋 わしづ,遺品整理Web,長岡市川崎4-4193-1（〒940-0864）,0120-77-5371,https://washidu.net/,記載なし,記載なし,https://washidu.net/,遺品整理の記載あり、生前整理・実家片付けの個別記載なし。県内全域出張対応
三条市,株式会社みつみ環境,遺品整理Web,三条市泉新田60（〒959-1143）,0256-45-4587,https://www.mitsumi-kankyo.jp,公式会社案内には記載なし(遺品整理専用サイト「遺品カタヅケ新潟県央店」には資格者在籍の記載。同サイト電話0120-323-039がみつみ環境と一致するため同社運営と推定・運営会社名は同サイトに記載なし),あり(三条市指令140-1号ほか),https://www.mitsumi-kankyo.jp/company/,遺品整理専用サイト https://www.ihin-katadukekaitori.jp/ は三条・燕・見附・加茂ほか対応、生前整理ページあり。三条市許可名簿にも掲載
見附市,株式会社瀧建,遺品整理Web,見附市細越2丁目5-57,0258-89-8381,https://takiken8381.com/,あり(「担当 遺品整理士」の記載),記載なし,https://takiken8381.com/,生前整理・遺品整理・不用品片付けを明記
見附市,便利屋RC(八木 一夫),遺品整理Web,見附市本町1丁目7-12（〒954-0053）,0258-84-7106,https://brc-m.com/,記載なし,記載なし(古物商許可のみ),https://brc-m.com/,生前整理・遺品整理・空き家管理を掲載。見附・長岡・三条対応。個人事業の屋号
小千谷市,株式会社スマイルクリーン,遺品整理Web,小千谷市城内2-14-12（〒947-0028）,0258-86-4377,https://smileclean.net/,記載なし,記載なし,https://smileclean.net/,「生前整理から土地建物処分まで」を明記。所在地は寮の一室表記で実店舗かは不明
柏崎市,新潟スーパー産業株式会社,遺品整理Web,柏崎市茨目1880番地1,0257-24-3399,http://www.supersangyo.co.jp/,あり(第三者ポータル「やさしいお葬式」掲載情報。公式サイトは証明書エラーで未確認),あり(柏崎市許可PDFで家庭系個別契約の収集運搬許可を確認),https://y-osohshiki.com/ihinseiri/niigata/detail/725,遺品整理・生前整理・空き家片付けに対応(同ポータル記載)。柏崎市許可名簿にも掲載
柏崎市,合同会社さぽーと(柏崎便利屋さぽーと),遺品整理Web,柏崎市鏡町5-20（〒945-0053）,0257-35-5687,https://www.sup48.com/,あり(遺品整理士 第IS07405号の記載),記載なし(一般廃棄物は柏クリーンに委託と記載),https://www.sup48.com/company,産廃収集運搬・古物商許可あり。空き家管理も提供。遺品整理・生前整理サービスの明示記載は確認できず
燕市・三条市・加茂市,株式会社結縁（ゆい）,遺品整理Web,記載なし,070-4320-4611,https://yui-memories.com/,あり(「遺品整理士取得のスタッフ在籍」),記載なし,https://yui-memories.com/,対応エリアは燕市・三条市・加茂市(検索結果記載)。所在地・生前整理の記載は公式ページ上で確認できず
新潟市(中越対応),株式会社ミナト(and・end),遺品整理Web,新潟市西区小針南8-3（〒950-2025）,025-378-3501,https://andend.jp/,あり(保有資格に遺品整理士),記載なし(許可業者と連携と記載),https://andend.jp/,生前整理・実家の片付けを明記。対応エリアに長岡・柏崎・小千谷・十日町・見附ほか。所在地は新潟市
新潟市(中越対応),遺品整理・買取 奏(株式会社アグレアーブル),遺品整理Web,新潟市秋葉区新町1-2-14(本店),0120-15-7216,https://niigata-kanade.com/,あり(「協会認定の遺品整理士が在籍」),記載なし,https://niigata-kanade.com/company.html,新潟県全域対応。終活・断捨離の記載あり
新潟市(中越対応),お宅かたづけ隊(アイマーク環境株式会社),遺品整理Web,新潟市中央区日の出1-14-2（〒950-0073）,025-278-7143,https://www.kataduketai.jp/,記載なし,記載なし,https://www.kataduketai.jp/,新潟県全域対応・生前整理と実家の整理を掲載。三条・燕・小千谷の施工実績ページあり
新潟市(中越対応),セブン新潟(ASK金澤株式会社),遺品整理Web,新潟市中央区上大川町七番町1230番地7 ストークビル鏡橋7F,0120-146-721,https://www.huyouhinkaisyuu-niitaga.com/,あり(遺品整理士認定協会認定の記載),記載なし(一般廃棄物は提携の許可業者が処理と記載),https://www.huyouhinkaisyuu-niitaga.com/area/nagaoka/,産廃収集運搬許可あり。長岡・三条・燕・見附・小千谷・柏崎の各ページあり
